skill,category
communication,Soft Skill
python,Programming
collaboration,Soft Skill
leadership,Soft Skill
sql,Database
agile,Project Management
machine learning,Machine Learning
aws,Cloud
java,Programming
azure,Cloud
excel,Tools
r,Programming
devops,Project Management
javascript,Programming
ci/cd,Project Management
go,Programming
attention to detail,Soft Skill
linux,Tools
problem solving,Soft Skill
docker,Cloud
react,Web Development
git,Tools
teamwork,Soft Skill
kubernetes,Cloud
deep learning,Machine Learning
scrum,Project Management
html,Web Development
creativity,Soft Skill
css,Web Development
tensorflow,Data Science
pytorch,Data Science
jenkins,Tools
google cloud,Cloud
scala,Programming
bash,Programming
oracle,Database
tableau,Tools
natural language processing,Machine Learning
critical thinking,Soft Skill
power bi,Tools
time management,Soft Skill
typescript,Programming
angular,Web Development
jira,Tools
mysql,Database
computer vision,Machine Learning
kotlin,Programming
ruby,Programming
mongodb,Database
scikit-learn,Data Science
php,Programming
quality assurance,Testing
swift,Programming
postgresql,Database
keras,Data Science
node.js,Web Development
snowflake,Database
graphql,Web Development
neural networks,Machine Learning
numpy,Data Science
rest api,Web Development
figma,Tools
pandas,Data Science
spring boot,Web Development
perl,Programming
kanban,Project Management
reinforcement learning,Machine Learning
redis,Database
c#,Programming
spacy,Data Science
sqlite,Database
c++,Programming
matlab,Programming
flask,Web Development
adaptability,Soft Skill
opencv,Data Science
fastapi,Web Development
vue.js,Web Development
firebase,Database
django,Web Development
data analysis,Data Science
data visualization,Data Science
statistical analysis,Data Science
matplotlib,Data Science
seaborn,Data Science
decision making,Soft Skill
presentation skills,Soft Skill
research,Academic
xgboost,Data Science
statistical modeling,Data Science
