match_score,matched_count,missing_count,total_required,label
33.33,1,2,3,Not Ready
45.45,5,6,11,Good Fit
66.67,2,1,3,Needs Work
100.0,5,0,5,Good Fit
20.0,3,12,15,Not Ready
80.0,4,1,5,Good Fit
100.0,3,0,3,Good Fit
81.82,9,2,11,Needs Work
26.67,4,11,15,Not Ready
50.0,1,1,2,Needs Work
0.0,0,4,4,Not Ready
45.45,5,6,11,Needs Work
28.57,2,5,7,Needs Work
64.29,9,5,14,Needs Work
83.33,5,1,6,Good Fit
25.0,1,3,4,Not Ready
75.0,6,2,8,Good Fit
41.67,5,7,12,Needs Work
90.0,18,2,20,Not Ready
20.0,1,4,5,Not Ready
42.86,6,8,14,Not Ready
78.57,11,3,14,Good Fit
100.0,6,0,6,Good Fit
11.11,1,8,9,Not Ready
75.0,3,1,4,Good Fit
60.0,3,2,5,Needs Work
50.0,6,6,12,Needs Work
100.0,2,0,2,Good Fit
12.5,1,7,8,Not Ready
28.57,2,5,7,Not Ready
20.0,4,16,20,Not Ready
25.0,1,3,4,Not Ready
100.0,4,0,4,Good Fit
14.29,1,6,7,Not Ready
100.0,16,0,16,Not Ready
35.29,6,11,17,Not Ready
26.32,5,14,19,Not Ready
60.0,3,2,5,Needs Work
0.0,0,3,3,Not Ready
50.0,2,2,4,Needs Work
0.0,0,13,13,Needs Work
0.0,0,12,12,Not Ready
26.32,5,14,19,Not Ready
80.0,8,2,10,Good Fit
75.0,6,2,8,Needs Work
88.0,22,3,25,Good Fit
0.0,0,7,7,Good Fit
75.0,3,1,4,Good Fit
40.0,2,3,5,Needs Work
33.33,2,4,6,Not Ready
91.67,11,1,12,Good Fit
11.11,1,8,9,Not Ready
66.67,2,1,3,Needs Work
0.0,0,10,10,Not Ready
56.25,9,7,16,Needs Work
33.33,2,4,6,Not Ready
0.0,0,10,10,Not Ready
93.75,15,1,16,Not Ready
50.0,4,4,8,Needs Work
20.0,2,8,10,Not Ready
70.0,7,3,10,Good Fit
40.0,6,9,15,Needs Work
20.0,1,4,5,Not Ready
50.0,1,1,2,Needs Work
28.57,2,5,7,Not Ready
37.5,3,5,8,Not Ready
36.36,4,7,11,Not Ready
0.0,0,3,3,Not Ready
100.0,8,0,8,Good Fit
28.57,4,10,14,Not Ready
100.0,2,0,2,Good Fit
80.0,4,1,5,Good Fit
100.0,7,0,7,Good Fit
83.33,5,1,6,Good Fit
71.43,10,4,14,Good Fit
28.57,2,5,7,Not Ready
50.0,1,1,2,Needs Work
40.0,2,3,5,Needs Work
92.0,23,2,25,Good Fit
75.0,3,1,4,Good Fit
30.0,3,7,10,Not Ready
57.89,11,8,19,Needs Work
100.0,11,0,11,Good Fit
44.44,4,5,9,Needs Work
75.0,3,1,4,Good Fit
6.25,1,15,16,Not Ready
0.0,0,5,5,Not Ready
38.46,5,8,13,Not Ready
90.0,9,1,10,Not Ready
83.33,10,2,12,Good Fit
60.0,3,2,5,Needs Work
100.0,4,0,4,Good Fit
85.71,6,1,7,Good Fit
0.0,0,2,2,Not Ready
100.0,16,0,16,Good Fit
94.12,16,1,17,Good Fit
0.0,0,2,2,Not Ready
85.71,6,1,7,Good Fit
100.0,17,0,17,Good Fit
90.91,10,1,11,Good Fit
100.0,9,0,9,Good Fit
100.0,10,0,10,Good Fit
35.0,7,13,20,Not Ready
0.0,0,2,2,Not Ready
0.0,0,2,2,Not Ready
71.43,10,4,14,Good Fit
33.33,1,2,3,Not Ready
73.33,11,4,15,Good Fit
25.0,2,6,8,Not Ready
50.0,6,6,12,Needs Work
72.73,8,3,11,Good Fit
77.78,7,2,9,Good Fit
44.44,4,5,9,Needs Work
50.0,1,1,2,Needs Work
58.33,7,5,12,Needs Work
45.45,5,6,11,Needs Work
100.0,5,0,5,Good Fit
50.0,1,1,2,Needs Work
70.0,14,6,20,Good Fit
77.78,7,2,9,Good Fit
100.0,11,0,11,Good Fit
92.31,12,1,13,Good Fit
80.0,8,2,10,Not Ready
0.0,0,8,8,Not Ready
23.08,3,10,13,Not Ready
0.0,0,5,5,Not Ready
62.5,5,3,8,Needs Work
14.29,1,6,7,Needs Work
81.82,9,2,11,Needs Work
100.0,7,0,7,Not Ready
33.33,3,6,9,Not Ready
0.0,0,2,2,Not Ready
62.5,5,3,8,Needs Work
91.67,11,1,12,Good Fit
59.09,13,9,22,Needs Work
87.5,7,1,8,Good Fit
60.0,3,2,5,Needs Work
100.0,9,0,9,Good Fit
50.0,2,2,4,Needs Work
100.0,3,0,3,Good Fit
89.47,17,2,19,Good Fit
57.14,4,3,7,Needs Work
100.0,10,0,10,Good Fit
25.0,1,3,4,Not Ready
75.0,9,3,12,Good Fit
53.85,7,6,13,Needs Work
50.0,1,1,2,Needs Work
0.0,0,3,3,Not Ready
42.86,3,4,7,Needs Work
40.0,2,3,5,Needs Work
28.57,2,5,7,Not Ready
36.36,8,14,22,Not Ready
0.0,0,3,3,Needs Work
0.0,0,15,15,Needs Work
100.0,7,0,7,Needs Work
72.73,8,3,11,Good Fit
60.0,3,2,5,Needs Work
62.5,5,3,8,Needs Work
100.0,8,0,8,Good Fit
100.0,7,0,7,Good Fit
66.67,2,1,3,Needs Work
100.0,2,0,2,Good Fit
12.5,1,7,8,Not Ready
35.71,5,9,14,Not Ready
50.0,3,3,6,Needs Work
44.44,4,5,9,Needs Work
16.67,1,5,6,Not Ready
100.0,9,0,9,Good Fit
65.0,13,7,20,Needs Work
60.0,3,2,5,Needs Work
62.5,5,3,8,Good Fit
50.0,2,2,4,Needs Work
33.33,5,10,15,Not Ready
100.0,18,0,18,Good Fit
25.0,3,9,12,Not Ready
42.86,9,12,21,Needs Work
18.18,2,9,11,Not Ready
15.79,3,16,19,Not Ready
61.54,8,5,13,Needs Work
25.0,4,12,16,Not Ready
24.0,6,19,25,Not Ready
60.0,3,2,5,Needs Work
0.0,0,4,4,Not Ready
50.0,7,7,14,Needs Work
0.0,0,2,2,Not Ready
100.0,4,0,4,Good Fit
33.33,1,2,3,Not Ready
0.0,0,6,6,Not Ready
16.67,1,5,6,Not Ready
85.71,6,1,7,Good Fit
70.0,7,3,10,Good Fit
58.33,7,5,12,Needs Work
0.0,0,4,4,Good Fit
0.0,0,3,3,Not Ready
90.0,9,1,10,Needs Work
50.0,2,2,4,Needs Work
40.0,2,3,5,Needs Work
27.27,3,8,11,Not Ready
66.67,4,2,6,Needs Work
60.0,6,4,10,Needs Work
40.0,4,6,10,Needs Work
75.0,3,1,4,Good Fit
50.0,2,2,4,Needs Work
75.0,3,1,4,Needs Work
0.0,0,2,2,Not Ready
60.0,3,2,5,Not Ready
35.71,5,9,14,Not Ready
81.25,13,3,16,Good Fit
0.0,0,7,7,Not Ready
22.22,2,7,9,Not Ready
16.67,1,5,6,Not Ready
100.0,7,0,7,Good Fit
50.0,2,2,4,Needs Work
66.67,4,2,6,Needs Work
90.91,10,1,11,Not Ready
0.0,0,2,2,Not Ready
60.0,3,2,5,Needs Work
0.0,0,7,7,Not Ready
41.67,5,7,12,Not Ready
100.0,6,0,6,Good Fit
40.0,2,3,5,Needs Work
33.33,3,6,9,Not Ready
100.0,5,0,5,Needs Work
100.0,5,0,5,Good Fit
71.43,5,2,7,Good Fit
100.0,10,0,10,Good Fit
50.0,3,3,6,Good Fit
44.44,4,5,9,Needs Work
76.92,10,3,13,Good Fit
50.0,2,2,4,Needs Work
50.0,1,1,2,Good Fit
100.0,3,0,3,Good Fit
85.71,18,3,21,Good Fit
35.71,5,9,14,Needs Work
100.0,4,0,4,Good Fit
64.29,9,5,14,Needs Work
0.0,0,14,14,Not Ready
87.5,7,1,8,Good Fit
20.0,1,4,5,Not Ready
71.43,5,2,7,Needs Work
0.0,0,4,4,Not Ready
14.29,1,6,7,Not Ready
80.0,4,1,5,Good Fit
50.0,4,4,8,Needs Work
76.92,10,3,13,Good Fit
100.0,7,0,7,Good Fit
60.0,3,2,5,Needs Work
66.67,4,2,6,Needs Work
63.64,7,4,11,Needs Work
35.71,5,9,14,Not Ready
0.0,0,7,7,Not Ready
28.57,2,5,7,Not Ready
35.71,5,9,14,Not Ready
50.0,5,5,10,Needs Work
0.0,0,11,11,Not Ready
100.0,10,0,10,Good Fit
57.14,4,3,7,Needs Work
100.0,3,0,3,Good Fit
33.33,1,2,3,Not Ready
33.33,1,2,3,Not Ready
14.29,1,6,7,Needs Work
100.0,3,0,3,Good Fit
71.43,5,2,7,Good Fit
40.0,2,3,5,Needs Work
21.43,3,11,14,Not Ready
63.16,12,7,19,Needs Work
12.5,2,14,16,Not Ready
0.0,0,4,4,Not Ready
100.0,2,0,2,Good Fit
62.5,5,3,8,Needs Work
61.54,8,5,13,Needs Work
0.0,0,3,3,Not Ready
100.0,6,0,6,Good Fit
76.92,10,3,13,Good Fit
33.33,3,6,9,Not Ready
0.0,0,17,17,Not Ready
27.27,3,8,11,Not Ready
71.43,10,4,14,Good Fit
0.0,0,3,3,Not Ready
45.45,5,6,11,Not Ready
40.0,2,3,5,Needs Work
90.91,10,1,11,Good Fit
55.56,5,4,9,Needs Work
85.71,6,1,7,Not Ready
50.0,2,2,4,Needs Work
83.33,10,2,12,Good Fit
42.86,3,4,7,Needs Work
88.89,8,1,9,Good Fit
53.85,7,6,13,Needs Work
50.0,1,1,2,Needs Work
57.14,4,3,7,Needs Work
88.24,15,2,17,Good Fit
80.95,17,4,21,Not Ready
100.0,22,0,22,Good Fit
100.0,3,0,3,Good Fit
100.0,6,0,6,Good Fit
100.0,3,0,3,Good Fit
71.43,5,2,7,Good Fit
100.0,8,0,8,Good Fit
0.0,0,5,5,Not Ready
0.0,0,3,3,Not Ready
66.67,8,4,12,Needs Work
25.0,1,3,4,Not Ready
16.67,1,5,6,Not Ready
50.0,4,4,8,Needs Work
0.0,0,5,5,Not Ready
60.0,3,2,5,Needs Work
38.46,5,8,13,Not Ready
100.0,3,0,3,Not Ready
100.0,4,0,4,Good Fit
100.0,4,0,4,Good Fit
64.29,9,5,14,Needs Work
0.0,0,3,3,Good Fit
80.0,4,1,5,Good Fit
100.0,12,0,12,Good Fit
0.0,0,15,15,Not Ready
44.44,4,5,9,Needs Work
15.38,2,11,13,Needs Work
66.67,2,1,3,Needs Work
70.0,7,3,10,Good Fit
50.0,1,1,2,Needs Work
83.33,5,1,6,Needs Work
100.0,2,0,2,Good Fit
54.55,6,5,11,Needs Work
100.0,12,0,12,Good Fit
11.76,2,15,17,Not Ready
50.0,5,5,10,Needs Work
11.11,1,8,9,Not Ready
15.38,2,11,13,Not Ready
6.67,1,14,15,Not Ready
0.0,0,4,4,Not Ready
50.0,2,2,4,Not Ready
50.0,1,1,2,Good Fit
6.25,1,15,16,Not Ready
0.0,0,4,4,Not Ready
75.0,6,2,8,Not Ready
81.25,13,3,16,Good Fit
50.0,1,1,2,Needs Work
30.0,3,7,10,Not Ready
0.0,0,5,5,Not Ready
100.0,5,0,5,Good Fit
50.0,1,1,2,Good Fit
50.0,2,2,4,Good Fit
45.45,5,6,11,Needs Work
54.55,6,5,11,Needs Work
0.0,0,5,5,Not Ready
100.0,5,0,5,Good Fit
58.33,7,5,12,Needs Work
100.0,4,0,4,Good Fit
0.0,0,4,4,Good Fit
72.0,18,7,25,Needs Work
7.14,2,26,28,Not Ready
93.75,15,1,16,Good Fit
25.0,2,6,8,Not Ready
84.62,11,2,13,Good Fit
57.14,4,3,7,Needs Work
33.33,4,8,12,Not Ready
15.79,3,16,19,Not Ready
33.33,1,2,3,Not Ready
0.0,0,7,7,Not Ready
50.0,3,3,6,Needs Work
50.0,2,2,4,Needs Work
66.67,2,1,3,Good Fit
50.0,1,1,2,Not Ready
75.0,3,1,4,Needs Work
71.43,5,2,7,Good Fit
0.0,0,4,4,Not Ready
40.0,2,3,5,Needs Work
8.33,1,11,12,Not Ready
76.92,10,3,13,Good Fit
50.0,1,1,2,Needs Work
40.0,2,3,5,Needs Work
62.5,10,6,16,Needs Work
20.0,1,4,5,Not Ready
71.43,5,2,7,Good Fit
86.96,20,3,23,Good Fit
87.5,7,1,8,Good Fit
91.67,11,1,12,Good Fit
60.0,3,2,5,Needs Work
62.5,5,3,8,Needs Work
0.0,0,4,4,Not Ready
60.0,3,2,5,Needs Work
0.0,0,19,19,Needs Work
100.0,5,0,5,Good Fit
57.14,8,6,14,Needs Work
71.43,5,2,7,Good Fit
100.0,4,0,4,Good Fit
65.0,13,7,20,Needs Work
66.67,4,2,6,Good Fit
25.0,2,6,8,Not Ready
57.14,8,6,14,Needs Work
33.33,1,2,3,Not Ready
0.0,0,4,4,Not Ready
42.86,3,4,7,Needs Work
42.86,3,4,7,Needs Work
0.0,0,3,3,Not Ready
85.71,6,1,7,Not Ready
0.0,0,11,11,Not Ready
66.67,4,2,6,Needs Work
100.0,5,0,5,Good Fit
75.0,3,1,4,Good Fit
100.0,5,0,5,Good Fit
80.0,4,1,5,Good Fit
90.0,9,1,10,Good Fit
81.82,9,2,11,Good Fit
100.0,2,0,2,Good Fit
71.43,5,2,7,Good Fit
14.29,1,6,7,Not Ready
100.0,4,0,4,Good Fit
83.33,5,1,6,Good Fit
50.0,1,1,2,Needs Work
85.71,6,1,7,Needs Work
38.46,5,8,13,Not Ready
12.5,1,7,8,Not Ready
50.0,2,2,4,Needs Work
18.75,3,13,16,Not Ready
40.0,2,3,5,Needs Work
100.0,3,0,3,Needs Work
33.33,1,2,3,Good Fit
61.54,8,5,13,Needs Work
53.85,7,6,13,Needs Work
100.0,9,0,9,Good Fit
23.08,3,10,13,Needs Work
75.0,6,2,8,Not Ready
75.0,3,1,4,Good Fit
25.0,2,6,8,Not Ready
66.67,2,1,3,Needs Work
41.18,7,10,17,Needs Work
37.5,3,5,8,Not Ready
66.67,6,3,9,Needs Work
33.33,1,2,3,Not Ready
55.56,5,4,9,Needs Work
55.56,5,4,9,Needs Work
18.75,3,13,16,Not Ready
20.0,1,4,5,Not Ready
42.86,3,4,7,Needs Work
50.0,4,4,8,Needs Work
50.0,1,1,2,Needs Work
52.94,9,8,17,Needs Work
80.0,8,2,10,Not Ready
33.33,3,6,9,Not Ready
0.0,0,6,6,Not Ready
25.0,2,6,8,Not Ready
100.0,7,0,7,Good Fit
100.0,13,0,13,Good Fit
92.86,13,1,14,Good Fit
100.0,6,0,6,Good Fit
100.0,4,0,4,Good Fit
52.94,9,8,17,Needs Work
16.67,2,10,12,Not Ready
100.0,15,0,15,Good Fit
100.0,5,0,5,Good Fit
50.0,1,1,2,Needs Work
66.67,2,1,3,Needs Work
100.0,5,0,5,Good Fit
100.0,10,0,10,Good Fit
20.0,1,4,5,Not Ready
61.54,8,5,13,Good Fit
76.92,10,3,13,Needs Work
20.0,1,4,5,Not Ready
36.36,4,7,11,Not Ready
77.78,14,4,18,Good Fit
87.5,14,2,16,Not Ready
57.14,8,6,14,Needs Work
90.91,20,2,22,Good Fit
25.0,2,6,8,Needs Work
71.43,5,2,7,Good Fit
33.33,3,6,9,Not Ready
25.0,2,6,8,Not Ready
0.0,0,2,2,Not Ready
100.0,6,0,6,Good Fit
40.0,2,3,5,Needs Work
60.0,6,4,10,Needs Work
66.67,6,3,9,Needs Work
0.0,0,6,6,Not Ready
0.0,0,4,4,Not Ready
20.0,1,4,5,Not Ready
0.0,0,7,7,Not Ready
60.0,3,2,5,Needs Work
0.0,0,7,7,Not Ready
42.86,3,4,7,Needs Work
92.31,12,1,13,Good Fit
28.57,2,5,7,Not Ready
92.86,13,1,14,Good Fit
0.0,0,5,5,Not Ready
33.33,1,2,3,Not Ready
0.0,0,8,8,Not Ready
20.0,2,8,10,Not Ready
93.75,15,1,16,Good Fit
9.09,1,10,11,Not Ready
87.5,7,1,8,Good Fit
11.11,1,8,9,Not Ready
66.67,2,1,3,Needs Work
92.31,12,1,13,Good Fit
20.0,1,4,5,Not Ready
100.0,12,0,12,Good Fit
0.0,0,6,6,Good Fit
42.86,6,8,14,Needs Work
45.45,5,6,11,Needs Work
60.0,3,2,5,Good Fit
63.64,7,4,11,Needs Work
25.0,1,3,4,Not Ready
25.0,2,6,8,Not Ready
40.0,4,6,10,Needs Work
54.55,6,5,11,Needs Work
0.0,0,13,13,Good Fit
40.0,2,3,5,Not Ready
100.0,4,0,4,Not Ready
50.0,5,5,10,Needs Work
50.0,1,1,2,Needs Work
0.0,0,5,5,Not Ready
66.67,4,2,6,Needs Work
28.57,2,5,7,Not Ready
40.0,2,3,5,Needs Work
87.5,7,1,8,Good Fit
66.67,2,1,3,Needs Work
80.0,4,1,5,Good Fit
0.0,0,2,2,Not Ready
81.25,13,3,16,Good Fit
63.64,7,4,11,Needs Work
82.61,19,4,23,Good Fit
14.29,1,6,7,Not Ready
73.33,11,4,15,Needs Work
25.0,2,6,8,Not Ready
33.33,1,2,3,Not Ready
100.0,7,0,7,Good Fit
14.29,1,6,7,Not Ready
0.0,0,7,7,Not Ready
100.0,4,0,4,Good Fit
50.0,1,1,2,Needs Work
45.45,5,6,11,Needs Work
57.14,4,3,7,Needs Work
0.0,0,2,2,Not Ready
60.0,6,4,10,Needs Work
40.0,2,3,5,Needs Work
40.0,2,3,5,Needs Work
28.57,2,5,7,Not Ready
75.0,6,2,8,Good Fit
20.0,1,4,5,Not Ready
66.67,4,2,6,Needs Work
93.33,14,1,15,Good Fit
80.0,8,2,10,Good Fit
100.0,8,0,8,Good Fit
60.0,3,2,5,Not Ready
100.0,8,0,8,Good Fit
0.0,0,5,5,Needs Work
92.31,12,1,13,Good Fit
29.41,5,12,17,Not Ready
33.33,4,8,12,Not Ready
63.64,7,4,11,Good Fit
57.14,4,3,7,Needs Work
66.67,12,6,18,Needs Work
66.67,4,2,6,Needs Work
61.54,8,5,13,Needs Work
80.0,8,2,10,Good Fit
90.0,9,1,10,Good Fit
0.0,0,2,2,Not Ready
81.25,13,3,16,Good Fit
42.86,6,8,14,Not Ready
28.57,2,5,7,Not Ready
26.67,4,11,15,Not Ready
66.67,4,2,6,Needs Work
8.33,1,11,12,Not Ready
18.18,2,9,11,Not Ready
60.0,3,2,5,Not Ready
0.0,0,4,4,Not Ready
0.0,0,8,8,Not Ready
100.0,7,0,7,Good Fit
37.5,3,5,8,Not Ready
60.0,6,4,10,Needs Work
66.67,2,1,3,Needs Work
0.0,0,13,13,Not Ready
66.67,2,1,3,Needs Work
90.91,10,1,11,Good Fit
62.5,5,3,8,Needs Work
50.0,2,2,4,Needs Work
100.0,13,0,13,Good Fit
37.5,3,5,8,Not Ready
0.0,0,9,9,Not Ready
100.0,4,0,4,Good Fit
70.0,7,3,10,Good Fit
0.0,0,8,8,Not Ready
100.0,6,0,6,Needs Work
75.0,9,3,12,Good Fit
28.57,2,5,7,Not Ready
40.0,4,6,10,Needs Work
50.0,2,2,4,Needs Work
80.0,8,2,10,Good Fit
33.33,1,2,3,Not Ready
27.27,3,8,11,Not Ready
100.0,13,0,13,Good Fit
100.0,8,0,8,Not Ready
14.29,1,6,7,Not Ready
100.0,3,0,3,Not Ready
27.27,3,8,11,Not Ready
87.5,14,2,16,Good Fit
30.0,3,7,10,Not Ready
0.0,0,3,3,Not Ready
80.0,4,1,5,Good Fit
50.0,2,2,4,Not Ready
16.67,1,5,6,Not Ready
88.89,8,1,9,Good Fit
40.0,2,3,5,Needs Work
80.0,8,2,10,Good Fit
92.31,12,1,13,Good Fit
53.33,8,7,15,Needs Work
35.71,5,9,14,Not Ready
27.27,3,8,11,Not Ready
75.0,3,1,4,Good Fit
100.0,3,0,3,Good Fit
100.0,6,0,6,Not Ready
100.0,4,0,4,Good Fit
83.33,5,1,6,Needs Work
100.0,11,0,11,Good Fit
81.82,9,2,11,Good Fit
0.0,0,9,9,Not Ready
11.76,2,15,17,Not Ready
60.0,3,2,5,Needs Work
12.5,1,7,8,Not Ready
100.0,7,0,7,Not Ready
100.0,3,0,3,Good Fit
8.33,1,11,12,Not Ready
11.11,1,8,9,Not Ready
50.0,6,6,12,Not Ready
80.0,4,1,5,Needs Work
100.0,7,0,7,Good Fit
35.71,5,9,14,Not Ready
27.27,3,8,11,Not Ready
33.33,3,6,9,Good Fit
45.45,5,6,11,Needs Work
25.0,1,3,4,Needs Work
40.0,2,3,5,Needs Work
50.0,2,2,4,Needs Work
93.75,15,1,16,Good Fit
60.0,3,2,5,Needs Work
16.67,1,5,6,Not Ready
83.33,5,1,6,Good Fit
100.0,4,0,4,Good Fit
36.36,4,7,11,Not Ready
25.0,1,3,4,Not Ready
100.0,6,0,6,Good Fit
100.0,3,0,3,Good Fit
100.0,5,0,5,Good Fit
85.71,12,2,14,Good Fit
33.33,4,8,12,Not Ready
100.0,5,0,5,Good Fit
16.67,1,5,6,Not Ready
50.0,2,2,4,Good Fit
57.14,8,6,14,Needs Work
42.86,6,8,14,Needs Work
50.0,1,1,2,Needs Work
19.05,4,17,21,Not Ready
100.0,15,0,15,Good Fit
62.5,10,6,16,Needs Work
83.33,5,1,6,Good Fit
50.0,7,7,14,Needs Work
53.85,7,6,13,Needs Work
100.0,9,0,9,Good Fit
33.33,1,2,3,Not Ready
70.0,7,3,10,Good Fit
100.0,7,0,7,Good Fit
57.14,4,3,7,Needs Work
44.44,8,10,18,Good Fit
90.91,10,1,11,Good Fit
0.0,0,4,4,Not Ready
0.0,0,5,5,Not Ready
65.0,13,7,20,Good Fit
85.71,6,1,7,Not Ready
60.0,9,6,15,Needs Work
100.0,9,0,9,Good Fit
28.57,4,10,14,Not Ready
22.22,2,7,9,Not Ready
40.0,4,6,10,Needs Work
0.0,0,5,5,Not Ready
8.33,1,11,12,Not Ready
57.14,8,6,14,Needs Work
63.64,14,8,22,Needs Work
62.5,5,3,8,Needs Work
68.42,13,6,19,Needs Work
83.33,5,1,6,Good Fit
22.22,2,7,9,Not Ready
0.0,0,5,5,Not Ready
94.12,16,1,17,Good Fit
84.21,16,3,19,Good Fit
66.67,10,5,15,Needs Work
0.0,0,7,7,Not Ready
50.0,1,1,2,Needs Work
77.78,7,2,9,Good Fit
41.67,5,7,12,Not Ready
77.78,7,2,9,Good Fit
55.56,5,4,9,Needs Work
55.56,5,4,9,Needs Work
8.0,2,23,25,Not Ready
30.0,3,7,10,Not Ready
57.14,4,3,7,Needs Work
28.57,2,5,7,Not Ready
40.0,2,3,5,Needs Work
25.0,2,6,8,Not Ready
20.0,1,4,5,Not Ready
70.0,14,6,20,Good Fit
60.0,3,2,5,Needs Work
40.0,2,3,5,Needs Work
84.62,11,2,13,Good Fit
20.0,1,4,5,Good Fit
100.0,2,0,2,Good Fit
90.0,9,1,10,Good Fit
0.0,0,2,2,Not Ready
0.0,0,3,3,Not Ready
87.5,7,1,8,Good Fit
77.78,7,2,9,Good Fit
47.37,9,10,19,Needs Work
50.0,2,2,4,Needs Work
100.0,2,0,2,Good Fit
75.0,9,3,12,Good Fit
33.33,1,2,3,Not Ready
100.0,8,0,8,Needs Work
33.33,3,6,9,Good Fit
61.9,13,8,21,Needs Work
40.91,9,13,22,Needs Work
0.0,0,7,7,Not Ready
33.33,5,10,15,Good Fit
100.0,8,0,8,Not Ready
50.0,5,5,10,Needs Work
77.78,7,2,9,Good Fit
100.0,8,0,8,Not Ready
72.22,13,5,18,Good Fit
25.0,3,9,12,Not Ready
0.0,0,2,2,Not Ready
33.33,1,2,3,Not Ready
0.0,0,5,5,Not Ready
0.0,0,15,15,Not Ready
0.0,0,11,11,Not Ready
50.0,1,1,2,Needs Work
44.44,4,5,9,Needs Work
50.0,2,2,4,Needs Work
81.82,9,2,11,Good Fit
0.0,0,4,4,Not Ready
20.0,1,4,5,Not Ready
83.33,5,1,6,Good Fit
63.64,7,4,11,Needs Work
0.0,0,9,9,Not Ready
22.22,2,7,9,Not Ready
50.0,10,10,20,Needs Work
100.0,8,0,8,Good Fit
66.67,2,1,3,Needs Work
0.0,0,2,2,Not Ready
100.0,8,0,8,Good Fit
75.0,6,2,8,Good Fit
25.0,3,9,12,Not Ready
28.57,2,5,7,Not Ready
100.0,7,0,7,Good Fit
12.5,1,7,8,Not Ready
66.67,4,2,6,Needs Work
50.0,3,3,6,Needs Work
20.0,1,4,5,Good Fit
66.67,4,2,6,Needs Work
100.0,2,0,2,Good Fit
40.0,2,3,5,Needs Work
71.43,5,2,7,Needs Work
23.53,4,13,17,Not Ready
50.0,5,5,10,Needs Work
77.78,7,2,9,Good Fit
75.0,6,2,8,Good Fit
42.86,6,8,14,Needs Work
4.76,1,20,21,Not Ready
66.67,6,3,9,Needs Work
0.0,0,5,5,Not Ready
12.5,1,7,8,Not Ready
50.0,2,2,4,Needs Work
80.0,4,1,5,Good Fit
75.0,6,2,8,Good Fit
100.0,8,0,8,Not Ready
24.0,6,19,25,Not Ready
0.0,0,21,21,Not Ready
0.0,0,9,9,Not Ready
7.69,1,12,13,Not Ready
41.18,7,10,17,Needs Work
0.0,0,9,9,Not Ready
60.0,6,4,10,Needs Work
0.0,0,5,5,Needs Work
90.91,10,1,11,Good Fit
66.67,10,5,15,Needs Work
83.33,5,1,6,Good Fit
7.14,1,13,14,Not Ready
20.0,1,4,5,Not Ready
0.0,0,12,12,Not Ready
87.5,7,1,8,Good Fit
100.0,4,0,4,Not Ready
87.5,7,1,8,Good Fit
40.0,2,3,5,Not Ready
81.82,18,4,22,Good Fit
0.0,0,12,12,Not Ready
0.0,0,2,2,Not Ready
44.44,4,5,9,Needs Work
85.71,6,1,7,Good Fit
50.0,1,1,2,Needs Work
100.0,13,0,13,Good Fit
87.5,7,1,8,Good Fit
61.9,13,8,21,Needs Work
0.0,0,9,9,Not Ready
42.86,3,4,7,Not Ready
40.0,4,6,10,Needs Work
80.0,8,2,10,Good Fit
75.0,3,1,4,Good Fit
23.08,3,10,13,Not Ready
90.0,9,1,10,Good Fit
100.0,6,0,6,Good Fit
46.15,6,7,13,Needs Work
50.0,1,1,2,Needs Work
63.64,7,4,11,Needs Work
85.71,6,1,7,Good Fit
83.33,5,1,6,Needs Work
53.85,7,6,13,Needs Work
83.33,5,1,6,Good Fit
60.0,6,4,10,Not Ready
46.15,6,7,13,Good Fit
50.0,2,2,4,Good Fit
20.0,1,4,5,Needs Work
63.64,7,4,11,Needs Work
87.5,7,1,8,Good Fit
75.0,12,4,16,Good Fit
80.0,4,1,5,Good Fit
75.0,6,2,8,Good Fit
50.0,2,2,4,Needs Work
60.0,3,2,5,Not Ready
0.0,0,7,7,Not Ready
86.36,19,3,22,Good Fit
50.0,5,5,10,Needs Work
62.5,5,3,8,Needs Work
92.86,13,1,14,Good Fit
100.0,4,0,4,Needs Work
100.0,7,0,7,Not Ready
75.0,15,5,20,Good Fit
78.95,15,4,19,Good Fit
100.0,7,0,7,Needs Work
87.5,7,1,8,Good Fit
100.0,7,0,7,Good Fit
100.0,3,0,3,Good Fit
20.0,1,4,5,Not Ready
100.0,7,0,7,Needs Work
50.0,1,1,2,Needs Work
37.5,3,5,8,Needs Work
0.0,0,5,5,Not Ready
0.0,0,7,7,Good Fit
50.0,2,2,4,Needs Work
94.44,17,1,18,Good Fit
66.67,4,2,6,Needs Work
63.64,7,4,11,Needs Work
25.0,3,9,12,Not Ready
44.44,4,5,9,Needs Work
37.5,3,5,8,Not Ready
75.0,3,1,4,Good Fit
36.36,4,7,11,Not Ready
23.08,3,10,13,Not Ready
66.67,4,2,6,Needs Work
91.67,11,1,12,Needs Work
0.0,0,2,2,Not Ready
75.0,3,1,4,Good Fit
25.0,2,6,8,Good Fit
72.73,8,3,11,Good Fit
94.44,17,1,18,Good Fit
47.37,9,10,19,Needs Work
100.0,5,0,5,Good Fit
90.0,18,2,20,Good Fit
66.67,2,1,3,Needs Work
0.0,0,4,4,Good Fit
0.0,0,5,5,Needs Work
100.0,6,0,6,Good Fit
100.0,4,0,4,Good Fit
85.71,12,2,14,Good Fit
0.0,0,10,10,Not Ready
75.0,6,2,8,Good Fit
25.0,1,3,4,Not Ready
41.67,5,7,12,Needs Work
33.33,4,8,12,Not Ready
28.57,2,5,7,Not Ready
28.57,2,5,7,Not Ready
85.71,6,1,7,Good Fit
48.0,12,13,25,Needs Work
44.44,4,5,9,Needs Work
25.0,1,3,4,Not Ready
40.0,6,9,15,Needs Work
85.71,6,1,7,Good Fit
100.0,4,0,4,Good Fit
80.0,8,2,10,Good Fit
100.0,10,0,10,Not Ready
100.0,2,0,2,Good Fit
33.33,4,8,12,Not Ready
87.5,7,1,8,Not Ready
100.0,7,0,7,Good Fit
42.86,6,8,14,Needs Work
44.44,4,5,9,Good Fit
40.0,2,3,5,Needs Work
100.0,4,0,4,Needs Work
0.0,0,4,4,Not Ready
75.0,6,2,8,Good Fit
60.0,3,2,5,Not Ready
14.29,1,6,7,Not Ready
53.85,7,6,13,Needs Work
0.0,0,6,6,Not Ready
66.67,4,2,6,Needs Work
9.09,1,10,11,Not Ready
33.33,1,2,3,Not Ready
50.0,5,5,10,Needs Work
25.0,1,3,4,Not Ready
47.37,9,10,19,Needs Work
88.89,8,1,9,Good Fit
87.5,7,1,8,Good Fit
60.0,9,6,15,Needs Work
25.0,1,3,4,Not Ready
88.89,8,1,9,Not Ready
28.57,2,5,7,Needs Work
50.0,1,1,2,Needs Work
100.0,7,0,7,Good Fit
75.0,6,2,8,Good Fit
45.45,5,6,11,Needs Work
78.57,11,3,14,Good Fit
28.57,2,5,7,Needs Work
44.44,4,5,9,Needs Work
40.0,2,3,5,Needs Work
100.0,4,0,4,Good Fit
0.0,0,3,3,Not Ready
77.78,7,2,9,Good Fit
12.5,1,7,8,Needs Work
83.33,10,2,12,Good Fit
10.71,3,25,28,Not Ready
87.5,7,1,8,Good Fit
11.11,1,8,9,Not Ready
62.5,5,3,8,Needs Work
66.67,2,1,3,Needs Work
100.0,9,0,9,Good Fit
46.15,6,7,13,Good Fit
42.86,9,12,21,Needs Work
20.0,1,4,5,Not Ready
20.0,1,4,5,Not Ready
54.55,6,5,11,Needs Work
71.43,5,2,7,Needs Work
75.0,6,2,8,Good Fit
40.0,2,3,5,Not Ready
85.71,12,2,14,Good Fit
81.25,13,3,16,Good Fit
77.78,7,2,9,Good Fit
100.0,4,0,4,Good Fit
22.22,2,7,9,Good Fit
75.0,12,4,16,Not Ready
100.0,8,0,8,Good Fit
100.0,8,0,8,Needs Work
100.0,5,0,5,Good Fit
85.71,6,1,7,Good Fit
100.0,4,0,4,Good Fit
63.64,7,4,11,Needs Work
47.06,8,9,17,Needs Work
66.67,6,3,9,Needs Work
83.33,5,1,6,Good Fit
44.44,4,5,9,Needs Work
50.0,2,2,4,Needs Work
25.0,1,3,4,Good Fit
77.78,7,2,9,Good Fit
40.0,2,3,5,Needs Work
12.5,1,7,8,Not Ready
83.33,15,3,18,Good Fit
37.5,3,5,8,Not Ready
85.71,12,2,14,Good Fit
91.67,11,1,12,Good Fit
57.14,4,3,7,Needs Work
16.67,1,5,6,Not Ready
31.25,5,11,16,Not Ready
40.0,2,3,5,Needs Work
83.33,10,2,12,Good Fit
33.33,1,2,3,Not Ready
0.0,0,2,2,Not Ready
44.44,4,5,9,Needs Work
100.0,8,0,8,Good Fit
28.57,2,5,7,Needs Work
66.67,2,1,3,Needs Work
21.05,4,15,19,Not Ready
33.33,4,8,12,Needs Work
50.0,3,3,6,Needs Work
75.0,6,2,8,Good Fit
50.0,4,4,8,Needs Work
0.0,0,2,2,Not Ready
100.0,7,0,7,Good Fit
66.67,6,3,9,Needs Work
60.0,3,2,5,Needs Work
25.0,1,3,4,Not Ready
85.71,6,1,7,Good Fit
80.0,12,3,15,Good Fit
42.86,6,8,14,Not Ready
50.0,10,10,20,Needs Work
71.43,5,2,7,Good Fit
33.33,2,4,6,Good Fit
85.71,6,1,7,Good Fit
0.0,0,4,4,Needs Work
25.0,5,15,20,Not Ready
27.27,3,8,11,Not Ready
23.81,5,16,21,Not Ready
50.0,4,4,8,Needs Work
80.0,4,1,5,Good Fit
0.0,0,4,4,Not Ready
0.0,0,16,16,Not Ready
100.0,4,0,4,Good Fit
40.0,4,6,10,Needs Work
13.33,2,13,15,Not Ready
50.0,6,6,12,Needs Work
100.0,4,0,4,Good Fit
61.54,8,5,13,Needs Work
100.0,11,0,11,Good Fit
85.71,6,1,7,Good Fit
28.57,2,5,7,Not Ready
100.0,2,0,2,Not Ready
0.0,0,4,4,Not Ready
87.5,7,1,8,Good Fit
87.5,7,1,8,Good Fit
45.0,9,11,20,Needs Work
0.0,0,8,8,Not Ready
77.78,7,2,9,Good Fit
0.0,0,7,7,Not Ready
77.78,7,2,9,Good Fit
50.0,1,1,2,Good Fit
81.82,9,2,11,Needs Work
100.0,9,0,9,Good Fit
44.44,4,5,9,Needs Work
40.0,4,6,10,Needs Work
84.21,16,3,19,Good Fit
75.0,9,3,12,Good Fit
20.0,1,4,5,Not Ready
100.0,3,0,3,Good Fit
14.29,1,6,7,Good Fit
50.0,1,1,2,Needs Work
75.0,3,1,4,Good Fit
90.0,9,1,10,Needs Work
100.0,3,0,3,Good Fit
50.0,5,5,10,Not Ready
50.0,1,1,2,Needs Work
57.14,4,3,7,Needs Work
75.0,3,1,4,Needs Work
20.0,1,4,5,Not Ready
60.0,3,2,5,Needs Work
60.0,3,2,5,Not Ready
92.31,12,1,13,Good Fit
88.89,8,1,9,Not Ready
88.24,15,2,17,Good Fit
7.69,1,12,13,Needs Work
40.0,2,3,5,Needs Work
50.0,4,4,8,Needs Work
7.14,1,13,14,Not Ready
30.0,6,14,20,Not Ready
20.0,1,4,5,Not Ready
66.67,4,2,6,Needs Work
46.15,6,7,13,Needs Work
85.71,6,1,7,Good Fit
80.0,8,2,10,Good Fit
85.71,6,1,7,Good Fit
45.45,5,6,11,Needs Work
90.91,10,1,11,Good Fit
0.0,0,7,7,Not Ready
61.54,8,5,13,Needs Work
100.0,3,0,3,Good Fit
33.33,1,2,3,Not Ready
100.0,8,0,8,Good Fit
100.0,3,0,3,Good Fit
0.0,0,6,6,Not Ready
0.0,0,4,4,Needs Work
76.92,10,3,13,Good Fit
50.0,8,8,16,Needs Work
9.09,1,10,11,Not Ready
12.5,1,7,8,Not Ready
71.43,5,2,7,Good Fit
0.0,0,3,3,Not Ready
100.0,2,0,2,Good Fit
0.0,0,3,3,Good Fit
66.67,12,6,18,Needs Work
9.09,1,10,11,Not Ready
62.5,10,6,16,Needs Work
42.86,3,4,7,Needs Work
50.0,1,1,2,Needs Work
54.55,6,5,11,Needs Work
33.33,3,6,9,Not Ready
14.29,1,6,7,Not Ready
100.0,11,0,11,Good Fit
20.0,3,12,15,Not Ready
68.0,17,8,25,Needs Work
100.0,10,0,10,Needs Work
66.67,4,2,6,Needs Work
50.0,1,1,2,Needs Work
50.0,1,1,2,Needs Work
77.42,24,7,31,Good Fit
45.45,5,6,11,Needs Work
0.0,0,10,10,Not Ready
100.0,3,0,3,Good Fit
100.0,5,0,5,Good Fit
57.14,4,3,7,Needs Work
100.0,7,0,7,Not Ready
0.0,0,2,2,Good Fit
30.0,3,7,10,Not Ready
16.67,1,5,6,Not Ready
16.67,1,5,6,Not Ready
40.0,2,3,5,Needs Work
86.67,13,2,15,Needs Work
75.0,12,4,16,Good Fit
50.0,3,3,6,Needs Work
75.0,9,3,12,Good Fit
40.0,2,3,5,Not Ready
88.89,8,1,9,Good Fit
61.54,8,5,13,Needs Work
54.55,12,10,22,Needs Work
25.0,5,15,20,Not Ready
22.22,2,7,9,Needs Work
88.89,8,1,9,Needs Work
60.0,3,2,5,Needs Work
50.0,1,1,2,Not Ready
100.0,8,0,8,Good Fit
55.56,5,4,9,Needs Work
16.0,4,21,25,Not Ready
57.14,4,3,7,Needs Work
50.0,3,3,6,Needs Work
100.0,2,0,2,Good Fit
50.0,5,5,10,Needs Work
0.0,0,2,2,Not Ready
18.18,2,9,11,Not Ready
46.15,6,7,13,Needs Work
71.43,10,4,14,Good Fit
61.54,16,10,26,Needs Work
0.0,0,14,14,Not Ready
71.43,5,2,7,Good Fit
60.0,3,2,5,Needs Work
61.54,8,5,13,Needs Work
54.55,6,5,11,Needs Work
42.86,3,4,7,Needs Work
42.31,11,15,26,Needs Work
18.18,2,9,11,Needs Work
0.0,0,4,4,Not Ready
17.65,3,14,17,Not Ready
28.57,2,5,7,Good Fit
14.29,1,6,7,Not Ready
62.5,5,3,8,Needs Work
83.33,5,1,6,Good Fit
60.0,3,2,5,Needs Work
64.71,11,6,17,Good Fit
66.67,4,2,6,Needs Work
30.77,4,9,13,Not Ready
77.78,7,2,9,Good Fit
100.0,6,0,6,Good Fit
50.0,4,4,8,Needs Work
57.14,4,3,7,Needs Work
0.0,0,3,3,Good Fit
50.0,3,3,6,Needs Work
100.0,6,0,6,Good Fit
0.0,0,6,6,Not Ready
75.0,3,1,4,Good Fit
100.0,13,0,13,Good Fit
66.67,4,2,6,Not Ready
50.0,1,1,2,Needs Work
40.0,2,3,5,Needs Work
0.0,0,11,11,Not Ready
100.0,3,0,3,Good Fit
38.1,8,13,21,Good Fit
27.27,3,8,11,Not Ready
66.67,2,1,3,Not Ready
100.0,13,0,13,Good Fit
66.67,2,1,3,Needs Work
100.0,4,0,4,Good Fit
50.0,1,1,2,Needs Work
90.0,9,1,10,Good Fit
33.33,2,4,6,Not Ready
50.0,1,1,2,Needs Work
20.0,1,4,5,Not Ready
66.67,4,2,6,Needs Work
50.0,2,2,4,Needs Work
0.0,0,4,4,Needs Work
25.0,3,9,12,Not Ready
81.82,9,2,11,Good Fit
88.0,22,3,25,Good Fit
71.43,5,2,7,Good Fit
50.0,2,2,4,Needs Work
21.43,3,11,14,Needs Work
50.0,2,2,4,Needs Work
100.0,17,0,17,Needs Work
40.0,4,6,10,Needs Work
100.0,12,0,12,Good Fit
60.0,3,2,5,Needs Work
50.0,2,2,4,Needs Work
66.67,2,1,3,Needs Work
77.78,7,2,9,Good Fit
50.0,4,4,8,Needs Work
61.54,8,5,13,Needs Work
78.57,11,3,14,Not Ready
40.0,2,3,5,Needs Work
0.0,0,2,2,Not Ready
50.0,2,2,4,Needs Work
5.56,1,17,18,Good Fit
35.71,5,9,14,Good Fit
40.0,2,3,5,Needs Work
66.67,6,3,9,Needs Work
71.43,5,2,7,Good Fit
33.33,1,2,3,Not Ready
100.0,5,0,5,Not Ready
66.67,6,3,9,Needs Work
66.67,6,3,9,Needs Work
57.14,4,3,7,Needs Work
60.0,3,2,5,Needs Work
60.0,3,2,5,Needs Work
33.33,2,4,6,Not Ready
20.0,1,4,5,Not Ready
0.0,0,13,13,Not Ready
40.0,2,3,5,Needs Work
13.33,2,13,15,Not Ready
50.0,1,1,2,Needs Work
50.0,1,1,2,Not Ready
57.14,4,3,7,Needs Work
90.91,10,1,11,Good Fit
81.82,9,2,11,Good Fit
100.0,3,0,3,Good Fit
77.78,7,2,9,Good Fit
84.0,21,4,25,Needs Work
100.0,17,0,17,Needs Work
40.0,2,3,5,Needs Work
0.0,0,5,5,Not Ready
7.69,1,12,13,Not Ready
0.0,0,9,9,Good Fit
100.0,4,0,4,Good Fit
100.0,6,0,6,Good Fit
66.67,4,2,6,Needs Work
25.0,2,6,8,Not Ready
13.33,2,13,15,Not Ready
87.5,7,1,8,Good Fit
84.62,11,2,13,Good Fit
0.0,0,6,6,Not Ready
66.67,4,2,6,Not Ready
7.14,1,13,14,Not Ready
33.33,4,8,12,Not Ready
53.85,7,6,13,Needs Work
0.0,0,2,2,Not Ready
60.0,6,4,10,Good Fit
70.0,7,3,10,Good Fit
66.67,2,1,3,Needs Work
100.0,2,0,2,Good Fit
41.67,5,7,12,Needs Work
50.0,4,4,8,Not Ready
0.0,0,8,8,Not Ready
60.0,3,2,5,Needs Work
72.73,8,3,11,Good Fit
50.0,4,4,8,Not Ready
62.5,5,3,8,Needs Work
0.0,0,20,20,Needs Work
62.5,5,3,8,Good Fit
80.0,4,1,5,Needs Work
100.0,5,0,5,Good Fit
20.0,3,12,15,Needs Work
50.0,2,2,4,Needs Work
55.56,5,4,9,Needs Work
16.67,1,5,6,Not Ready
100.0,4,0,4,Needs Work
44.44,4,5,9,Needs Work
36.84,7,12,19,Not Ready
20.0,1,4,5,Not Ready
44.44,4,5,9,Needs Work
100.0,15,0,15,Good Fit
71.43,5,2,7,Good Fit
88.89,8,1,9,Good Fit
83.33,10,2,12,Good Fit
60.0,3,2,5,Good Fit
53.85,7,6,13,Needs Work
60.0,6,4,10,Not Ready
20.0,3,12,15,Needs Work
25.0,1,3,4,Needs Work
50.0,8,8,16,Needs Work
57.14,4,3,7,Good Fit
80.0,4,1,5,Good Fit
57.14,4,3,7,Needs Work
25.0,2,6,8,Not Ready
88.89,8,1,9,Good Fit
75.0,15,5,20,Not Ready
27.27,3,8,11,Not Ready
40.0,8,12,20,Needs Work
75.0,3,1,4,Good Fit
50.0,1,1,2,Needs Work
62.5,5,3,8,Needs Work
33.33,1,2,3,Not Ready
53.85,7,6,13,Needs Work
27.27,3,8,11,Not Ready
8.33,1,11,12,Not Ready
0.0,0,6,6,Not Ready
20.0,1,4,5,Not Ready
78.95,15,4,19,Not Ready
100.0,4,0,4,Good Fit
100.0,4,0,4,Not Ready
20.0,4,16,20,Not Ready
22.22,2,7,9,Good Fit
93.33,14,1,15,Good Fit
80.0,4,1,5,Needs Work
100.0,10,0,10,Good Fit
80.0,4,1,5,Needs Work
62.5,5,3,8,Needs Work
0.0,0,3,3,Not Ready
0.0,0,9,9,Not Ready
60.0,3,2,5,Needs Work
11.11,1,8,9,Not Ready
84.62,11,2,13,Good Fit
66.67,2,1,3,Needs Work
62.5,5,3,8,Not Ready
44.44,4,5,9,Needs Work
36.36,4,7,11,Not Ready
50.0,1,1,2,Not Ready
0.0,0,4,4,Not Ready
45.45,5,6,11,Needs Work
100.0,5,0,5,Good Fit
66.67,4,2,6,Needs Work
33.33,1,2,3,Not Ready
14.29,1,6,7,Not Ready
68.42,13,6,19,Good Fit
81.25,13,3,16,Good Fit
66.67,6,3,9,Needs Work
30.0,3,7,10,Not Ready
23.08,3,10,13,Not Ready
25.0,2,6,8,Not Ready
0.0,0,2,2,Not Ready
100.0,5,0,5,Needs Work
100.0,3,0,3,Good Fit
62.5,5,3,8,Needs Work
50.0,5,5,10,Needs Work
50.0,6,6,12,Needs Work
100.0,4,0,4,Good Fit
44.44,4,5,9,Needs Work
6.67,1,14,15,Not Ready
37.5,6,10,16,Not Ready
66.67,8,4,12,Needs Work
50.0,3,3,6,Needs Work
84.0,21,4,25,Good Fit
58.33,7,5,12,Needs Work
62.5,5,3,8,Needs Work
68.75,11,5,16,Needs Work
87.5,14,2,16,Not Ready
41.67,5,7,12,Needs Work
16.67,1,5,6,Not Ready
60.0,6,4,10,Needs Work
100.0,3,0,3,Good Fit
100.0,4,0,4,Good Fit
42.86,3,4,7,Needs Work
66.67,2,1,3,Not Ready
62.5,5,3,8,Needs Work
50.0,2,2,4,Needs Work
100.0,2,0,2,Good Fit
37.5,3,5,8,Not Ready
54.55,12,10,22,Needs Work
46.15,6,7,13,Needs Work
50.0,2,2,4,Needs Work
0.0,0,7,7,Not Ready
23.81,5,16,21,Not Ready
100.0,2,0,2,Good Fit
52.0,13,12,25,Needs Work
0.0,0,2,2,Good Fit
90.0,18,2,20,Good Fit
36.36,4,7,11,Needs Work
25.0,2,6,8,Not Ready
85.71,6,1,7,Good Fit
60.0,3,2,5,Needs Work
42.86,3,4,7,Not Ready
57.14,4,3,7,Needs Work
28.57,2,5,7,Good Fit
73.33,11,4,15,Good Fit
12.5,1,7,8,Not Ready
100.0,2,0,2,Good Fit
72.73,8,3,11,Good Fit
50.0,2,2,4,Needs Work
37.5,3,5,8,Not Ready
70.0,7,3,10,Good Fit
100.0,3,0,3,Good Fit
0.0,0,3,3,Not Ready
60.0,3,2,5,Needs Work
54.55,6,5,11,Needs Work
60.0,3,2,5,Needs Work
54.55,6,5,11,Needs Work
84.62,22,4,26,Good Fit
66.67,4,2,6,Not Ready
66.67,2,1,3,Needs Work
93.75,15,1,16,Good Fit
93.75,15,1,16,Good Fit
84.62,11,2,13,Needs Work
100.0,9,0,9,Good Fit
57.14,4,3,7,Needs Work
80.0,8,2,10,Good Fit
57.14,8,6,14,Needs Work
58.33,7,5,12,Good Fit
25.0,2,6,8,Not Ready
75.0,6,2,8,Good Fit
62.5,10,6,16,Needs Work
100.0,4,0,4,Good Fit
62.5,5,3,8,Needs Work
46.67,7,8,15,Needs Work
42.86,9,12,21,Needs Work
100.0,4,0,4,Good Fit
60.0,9,6,15,Good Fit
63.64,7,4,11,Needs Work
88.89,8,1,9,Good Fit
100.0,8,0,8,Good Fit
42.86,3,4,7,Needs Work
50.0,2,2,4,Needs Work
7.69,1,12,13,Not Ready
50.0,1,1,2,Needs Work
63.64,7,4,11,Needs Work
37.5,3,5,8,Not Ready
72.73,8,3,11,Good Fit
16.67,2,10,12,Not Ready
85.0,17,3,20,Not Ready
86.67,13,2,15,Good Fit
0.0,0,3,3,Not Ready
0.0,0,14,14,Not Ready
20.0,1,4,5,Not Ready
50.0,1,1,2,Needs Work
56.25,9,7,16,Needs Work
30.0,3,7,10,Not Ready
75.0,6,2,8,Good Fit
60.0,6,4,10,Needs Work
47.62,10,11,21,Needs Work
25.0,1,3,4,Not Ready
18.75,3,13,16,Not Ready
50.0,2,2,4,Needs Work
100.0,4,0,4,Needs Work
100.0,11,0,11,Good Fit
88.89,8,1,9,Good Fit
0.0,0,5,5,Not Ready
16.67,1,5,6,Needs Work
16.67,2,10,12,Not Ready
28.57,2,5,7,Not Ready
100.0,13,0,13,Not Ready
20.0,1,4,5,Not Ready
66.67,4,2,6,Needs Work
100.0,9,0,9,Needs Work
100.0,2,0,2,Good Fit
0.0,0,4,4,Not Ready
50.0,3,3,6,Needs Work
100.0,2,0,2,Good Fit
50.0,10,10,20,Needs Work
0.0,0,7,7,Good Fit
71.43,5,2,7,Good Fit
66.67,2,1,3,Good Fit
20.0,1,4,5,Not Ready
63.64,7,4,11,Needs Work
0.0,0,5,5,Not Ready
56.25,9,7,16,Needs Work
20.0,1,4,5,Not Ready
75.0,3,1,4,Good Fit
50.0,4,4,8,Needs Work
33.33,1,2,3,Not Ready
100.0,16,0,16,Good Fit
100.0,8,0,8,Good Fit
0.0,0,4,4,Not Ready
100.0,11,0,11,Good Fit
20.0,1,4,5,Not Ready
0.0,0,2,2,Needs Work
100.0,5,0,5,Good Fit
81.82,9,2,11,Good Fit
64.29,9,5,14,Needs Work
50.0,2,2,4,Needs Work
18.18,2,9,11,Not Ready
80.0,4,1,5,Good Fit
25.0,3,9,12,Not Ready
11.11,1,8,9,Not Ready
50.0,3,3,6,Needs Work
0.0,0,7,7,Not Ready
66.67,2,1,3,Needs Work
0.0,0,8,8,Not Ready
22.22,2,7,9,Not Ready
50.0,8,8,16,Needs Work
0.0,0,7,7,Not Ready
0.0,0,16,16,Good Fit
25.0,3,9,12,Not Ready
33.33,2,4,6,Needs Work
53.85,7,6,13,Needs Work
100.0,8,0,8,Good Fit
50.0,2,2,4,Needs Work
50.0,2,2,4,Needs Work
58.33,7,5,12,Needs Work
7.69,1,12,13,Not Ready
44.0,11,14,25,Needs Work
40.0,4,6,10,Needs Work
85.71,6,1,7,Good Fit
15.38,2,11,13,Not Ready
100.0,13,0,13,Good Fit
42.86,3,4,7,Needs Work
14.29,1,6,7,Good Fit
33.33,3,6,9,Not Ready
100.0,8,0,8,Good Fit
28.57,2,5,7,Not Ready
28.57,2,5,7,Not Ready
100.0,3,0,3,Good Fit
33.33,4,8,12,Not Ready
56.25,9,7,16,Needs Work
70.0,14,6,20,Good Fit
80.0,4,1,5,Good Fit
70.0,7,3,10,Not Ready
25.0,1,3,4,Not Ready
100.0,2,0,2,Good Fit
27.27,3,8,11,Not Ready
50.0,2,2,4,Needs Work
0.0,0,4,4,Not Ready
100.0,7,0,7,Not Ready
50.0,7,7,14,Not Ready
23.08,3,10,13,Not Ready
66.67,4,2,6,Needs Work
100.0,5,0,5,Not Ready
95.24,20,1,21,Good Fit
18.18,2,9,11,Not Ready
63.64,7,4,11,Good Fit
19.05,4,17,21,Not Ready
52.38,11,10,21,Needs Work
28.57,2,5,7,Good Fit
57.14,12,9,21,Needs Work
80.0,4,1,5,Not Ready
36.36,4,7,11,Not Ready
100.0,4,0,4,Not Ready
7.69,1,12,13,Not Ready
0.0,0,5,5,Not Ready
100.0,5,0,5,Good Fit
90.91,10,1,11,Good Fit
50.0,2,2,4,Needs Work
33.33,4,8,12,Not Ready
20.0,2,8,10,Not Ready
76.92,10,3,13,Good Fit
42.86,3,4,7,Needs Work
92.31,12,1,13,Good Fit
5.0,1,19,20,Not Ready
60.0,6,4,10,Needs Work
100.0,8,0,8,Good Fit
20.0,1,4,5,Not Ready
77.78,14,4,18,Good Fit
62.5,5,3,8,Needs Work
7.69,1,12,13,Not Ready
66.67,8,4,12,Good Fit
15.79,3,16,19,Not Ready
100.0,5,0,5,Good Fit
0.0,0,4,4,Not Ready
100.0,5,0,5,Good Fit
40.0,6,9,15,Needs Work
27.27,3,8,11,Not Ready
50.0,2,2,4,Good Fit
77.78,7,2,9,Good Fit
55.56,5,4,9,Needs Work
26.67,4,11,15,Not Ready
54.55,6,5,11,Needs Work
83.33,5,1,6,Good Fit
46.15,6,7,13,Needs Work
100.0,13,0,13,Good Fit
85.71,6,1,7,Good Fit
37.5,3,5,8,Not Ready
100.0,2,0,2,Good Fit
100.0,6,0,6,Needs Work
0.0,0,14,14,Good Fit
80.0,4,1,5,Good Fit
0.0,0,5,5,Not Ready
50.0,5,5,10,Needs Work
71.43,5,2,7,Good Fit
0.0,0,4,4,Not Ready
0.0,0,3,3,Not Ready
0.0,0,4,4,Not Ready
50.0,1,1,2,Needs Work
23.08,3,10,13,Not Ready
80.0,12,3,15,Good Fit
0.0,0,2,2,Not Ready
50.0,2,2,4,Needs Work
80.0,4,1,5,Good Fit
60.0,3,2,5,Needs Work
100.0,4,0,4,Good Fit
100.0,8,0,8,Not Ready
62.5,5,3,8,Good Fit
20.0,1,4,5,Good Fit
40.0,2,3,5,Needs Work
23.08,3,10,13,Not Ready
0.0,0,6,6,Not Ready
0.0,0,2,2,Not Ready
33.33,3,6,9,Needs Work
0.0,0,2,2,Needs Work
22.22,2,7,9,Not Ready
100.0,8,0,8,Good Fit
0.0,0,20,20,Not Ready
46.67,7,8,15,Needs Work
20.0,1,4,5,Needs Work
0.0,0,10,10,Not Ready
0.0,0,8,8,Not Ready
50.0,2,2,4,Needs Work
0.0,0,3,3,Not Ready
0.0,0,3,3,Not Ready
33.33,1,2,3,Not Ready
76.92,10,3,13,Good Fit
44.44,4,5,9,Needs Work
28.57,2,5,7,Not Ready
23.08,3,10,13,Not Ready
50.0,3,3,6,Needs Work
30.77,4,9,13,Not Ready
0.0,0,4,4,Good Fit
46.15,6,7,13,Not Ready
42.86,3,4,7,Needs Work
55.56,5,4,9,Needs Work
0.0,0,7,7,Needs Work
37.5,3,5,8,Not Ready
12.5,1,7,8,Not Ready
0.0,0,12,12,Not Ready
25.0,1,3,4,Not Ready
0.0,0,6,6,Not Ready
38.46,5,8,13,Not Ready
20.0,1,4,5,Good Fit
33.33,3,6,9,Not Ready
0.0,0,9,9,Not Ready
25.0,1,3,4,Not Ready
33.33,1,2,3,Not Ready
25.0,1,3,4,Not Ready
66.67,2,1,3,Needs Work
41.18,7,10,17,Needs Work
50.0,2,2,4,Needs Work
0.0,0,7,7,Not Ready
77.78,7,2,9,Good Fit
40.0,4,6,10,Needs Work
85.71,6,1,7,Good Fit
66.67,2,1,3,Needs Work
16.67,1,5,6,Not Ready
52.94,9,8,17,Needs Work
100.0,2,0,2,Needs Work
50.0,1,1,2,Needs Work
100.0,8,0,8,Good Fit
62.5,10,6,16,Good Fit
50.0,5,5,10,Needs Work
0.0,0,22,22,Needs Work
12.5,1,7,8,Not Ready
100.0,3,0,3,Good Fit
85.71,6,1,7,Good Fit
42.86,9,12,21,Needs Work
75.0,6,2,8,Good Fit
32.14,9,19,28,Not Ready
40.0,4,6,10,Needs Work
50.0,5,5,10,Needs Work
6.67,1,14,15,Not Ready
0.0,0,2,2,Not Ready
55.56,5,4,9,Needs Work
22.22,2,7,9,Not Ready
50.0,1,1,2,Needs Work
100.0,11,0,11,Good Fit
88.89,8,1,9,Good Fit
65.0,13,7,20,Needs Work
60.0,3,2,5,Needs Work
78.57,11,3,14,Good Fit
50.0,2,2,4,Needs Work
16.67,1,5,6,Needs Work
33.33,3,6,9,Good Fit
66.67,6,3,9,Needs Work
54.55,6,5,11,Needs Work
14.29,2,12,14,Not Ready
50.0,2,2,4,Needs Work
66.67,2,1,3,Needs Work
14.29,1,6,7,Not Ready
57.14,8,6,14,Needs Work
54.55,6,5,11,Needs Work
77.78,7,2,9,Good Fit
60.0,6,4,10,Needs Work
8.33,1,11,12,Not Ready
86.67,13,2,15,Needs Work
75.0,9,3,12,Good Fit
66.67,2,1,3,Needs Work
40.0,2,3,5,Needs Work
63.16,12,7,19,Good Fit
50.0,2,2,4,Needs Work
93.75,15,1,16,Needs Work
83.33,10,2,12,Good Fit
40.0,2,3,5,Needs Work
100.0,3,0,3,Good Fit
58.33,7,5,12,Not Ready
100.0,5,0,5,Good Fit
16.67,1,5,6,Not Ready
80.0,4,1,5,Not Ready
94.44,17,1,18,Good Fit
75.0,6,2,8,Good Fit
80.0,4,1,5,Good Fit
100.0,5,0,5,Good Fit
37.5,3,5,8,Not Ready
62.5,5,3,8,Needs Work
40.0,2,3,5,Needs Work
0.0,0,2,2,Not Ready
44.44,4,5,9,Needs Work
53.33,8,7,15,Needs Work
28.57,2,5,7,Not Ready
75.0,3,1,4,Good Fit
75.0,6,2,8,Good Fit
100.0,15,0,15,Good Fit
45.0,9,11,20,Good Fit
61.54,8,5,13,Not Ready
100.0,2,0,2,Good Fit
100.0,5,0,5,Good Fit
88.24,15,2,17,Good Fit
62.5,5,3,8,Needs Work
78.57,11,3,14,Good Fit
60.0,9,6,15,Not Ready
46.15,6,7,13,Needs Work
50.0,4,4,8,Needs Work
96.77,30,1,31,Good Fit
62.5,5,3,8,Not Ready
80.95,17,4,21,Good Fit
55.56,5,4,9,Needs Work
0.0,0,2,2,Not Ready
7.14,1,13,14,Needs Work
100.0,5,0,5,Good Fit
20.0,1,4,5,Not Ready
50.0,6,6,12,Needs Work
91.67,11,1,12,Good Fit
53.85,7,6,13,Needs Work
100.0,3,0,3,Good Fit
100.0,3,0,3,Good Fit
0.0,0,20,20,Not Ready
50.0,4,4,8,Needs Work
75.0,9,3,12,Good Fit
66.67,8,4,12,Needs Work
28.57,2,5,7,Not Ready
42.86,3,4,7,Needs Work
100.0,3,0,3,Good Fit
0.0,0,7,7,Not Ready
50.0,2,2,4,Needs Work
61.54,8,5,13,Needs Work
0.0,0,4,4,Not Ready
22.22,2,7,9,Not Ready
62.5,5,3,8,Not Ready
80.0,4,1,5,Good Fit
100.0,12,0,12,Good Fit
61.54,8,5,13,Needs Work
71.43,20,8,28,Good Fit
0.0,0,9,9,Not Ready
33.33,3,6,9,Not Ready
0.0,0,6,6,Needs Work
18.75,3,13,16,Not Ready
84.62,11,2,13,Good Fit
0.0,0,4,4,Needs Work
64.29,9,5,14,Needs Work
83.33,5,1,6,Good Fit
22.22,2,7,9,Not Ready
66.67,14,7,21,Needs Work
84.62,11,2,13,Good Fit
100.0,10,0,10,Needs Work
75.0,9,3,12,Good Fit
42.86,6,8,14,Needs Work
100.0,4,0,4,Good Fit
20.0,1,4,5,Not Ready
100.0,9,0,9,Not Ready
60.0,3,2,5,Needs Work
71.43,20,8,28,Good Fit
55.56,5,4,9,Good Fit
14.29,1,6,7,Not Ready
50.0,2,2,4,Needs Work
33.33,1,2,3,Not Ready
50.0,1,1,2,Needs Work
28.57,2,5,7,Needs Work
11.11,1,8,9,Not Ready
86.67,13,2,15,Good Fit
7.69,1,12,13,Not Ready
50.0,5,5,10,Needs Work
50.0,3,3,6,Needs Work
83.33,10,2,12,Not Ready
60.0,3,2,5,Needs Work
57.14,4,3,7,Needs Work
0.0,0,8,8,Good Fit
0.0,0,9,9,Not Ready
100.0,3,0,3,Good Fit
40.0,2,3,5,Needs Work
100.0,11,0,11,Good Fit
0.0,0,2,2,Not Ready
50.0,4,4,8,Needs Work
50.0,7,7,14,Needs Work
90.0,9,1,10,Needs Work
83.33,5,1,6,Good Fit
12.5,1,7,8,Not Ready
100.0,9,0,9,Good Fit
50.0,6,6,12,Needs Work
85.71,6,1,7,Good Fit
40.0,2,3,5,Needs Work
33.33,1,2,3,Not Ready
88.89,8,1,9,Good Fit
61.54,8,5,13,Needs Work
0.0,0,11,11,Not Ready
0.0,0,10,10,Not Ready
100.0,4,0,4,Good Fit
50.0,4,4,8,Needs Work
0.0,0,4,4,Not Ready
0.0,0,6,6,Not Ready
83.33,5,1,6,Good Fit
25.0,2,6,8,Good Fit
50.0,3,3,6,Needs Work
50.0,4,4,8,Needs Work
25.0,1,3,4,Not Ready
75.0,3,1,4,Good Fit
12.5,1,7,8,Needs Work
83.33,10,2,12,Good Fit
0.0,0,4,4,Not Ready
91.67,11,1,12,Good Fit
100.0,8,0,8,Good Fit
0.0,0,4,4,Not Ready
50.0,1,1,2,Needs Work
16.67,2,10,12,Not Ready
66.67,2,1,3,Needs Work
64.29,9,5,14,Needs Work
36.36,4,7,11,Not Ready
66.67,14,7,21,Needs Work
0.0,0,3,3,Not Ready
40.0,2,3,5,Needs Work
